placement,online,domain,count,mean,std,min,25%,50%,75%,max
A,False,TD,120.0,0.7700250836120401,0.05351212835510825,0.6722408026755853,0.7249163879598661,0.7750836120401339,0.8152173913043479,0.862876254180602
A,False,FD,165.0,0.7819195297456167,0.040678987294796555,0.6655518394648829,0.7575250836120402,0.7859531772575251,0.8076923076923077,0.8695652173913043
A,True,TD,120.0,0.5857928240740741,0.04648546264773914,0.4756944444444444,0.5581597222222222,0.5868055555555556,0.6111111111111112,0.7777777777777778
A,True,FD,165.0,0.5864478114478114,0.07366855717166351,0.4444444444444444,0.5381944444444444,0.6076388888888888,0.6354166666666666,0.7326388888888888
B,False,TD,120.0,0.7248745819397994,0.05668024401442415,0.5852842809364549,0.697324414715719,0.7290969899665551,0.7721571906354515,0.8210702341137124
B,False,FD,165.0,0.703010033444816,0.043864330964334376,0.5936454849498328,0.6739130434782609,0.7023411371237458,0.7374581939799331,0.7959866220735786
B,True,TD,120.0,0.477568697729988,0.05284497201079798,0.3548387096774194,0.4292114695340502,0.4874551971326165,0.5170250896057348,0.5842293906810035
B,True,FD,165.0,0.4386662322146193,0.0922085374427757,0.26523297491039427,0.3763440860215054,0.4551971326164875,0.5053763440860215,0.6236559139784946
